location,impressions,clicks,cost,conversions
geoTargetConstants/1014901,3,0,0.009105,0.0
geoTargetConstants/1014927,3,0,0.020508,0.0
geoTargetConstants/1014938,1,0,0.003753,0.0
geoTargetConstants/1015116,1,0,0.00298,0.0
geoTargetConstants/1015117,1,0,0.005338,0.0
geoTargetConstants/1015182,2,0,0.009272,0.0
geoTargetConstants/1015254,1,0,0.005758,0.0
geoTargetConstants/1015318,1,0,0.006367,0.0
geoTargetConstants/1015479,1,0,0.006423,0.0
geoTargetConstants/1017681,9,0,0.054866,0.0
geoTargetConstants/1017733,2056,0,10.134356,0.0
geoTargetConstants/1017751,425,0,2.090528,0.0
geoTargetConstants/1017768,290,1,1.398488,0.0
geoTargetConstants/1017799,21,0,0.090953,0.0
geoTargetConstants/1017851,2937,1,14.97688,0.0
geoTargetConstants/1017888,114,0,0.59739,0.0
geoTargetConstants/1018127,5,0,0.025792,0.0
geoTargetConstants/1022070,6,0,0.036962999999999996,0.0
geoTargetConstants/1022126,55,0,0.310194,0.0
geoTargetConstants/1022135,7,0,0.038704,0.0
geoTargetConstants/1022209,824,0,4.44646,0.0
geoTargetConstants/1022262,6,0,0.032644,0.0
geoTargetConstants/1022266,1,0,0.005381,0.0
geoTargetConstants/1022285,1,0,0.003911,0.0
geoTargetConstants/1022429,322,0,1.785039,0.0
geoTargetConstants/1022858,1,0,0.00362,0.0
geoTargetConstants/1023191,10,0,0.045158,0.0
geoTargetConstants/1023503,2,0,0.01138,0.0
geoTargetConstants/1023522,1,0,0.0,0.0
geoTargetConstants/1023526,10,2,1.9964709999999999,1.0
geoTargetConstants/1023528,5,2,0.12,0.0
geoTargetConstants/1023539,6,4,0.73,0.0
geoTargetConstants/1023540,7406,133,133.790426,11.0
geoTargetConstants/1023545,4,0,0.061591,0.0
geoTargetConstants/1023554,9,1,2.157337,0.0
geoTargetConstants/1023575,1473,5,9.682889,0.0
geoTargetConstants/1023605,2,0,0.014474,0.0
geoTargetConstants/1023606,942,4,5.138514,0.0
geoTargetConstants/1023608,29283,689,603.195896,66.70549
geoTargetConstants/1023617,4,1,0.01,0.0
geoTargetConstants/1023626,69714,464,801.70735,72.999229
geoTargetConstants/1023633,13,2,2.756768,0.0
geoTargetConstants/1023640,108325,892,1520.989516,121.710652
geoTargetConstants/1023643,2,1,0.01,0.0
geoTargetConstants/1023654,4,0,0.0,0.0
geoTargetConstants/1023660,15369,548,307.42763,28.0
geoTargetConstants/1023669,2,0,0.0,0.0
geoTargetConstants/1023671,6071,74,61.472339999999996,1.090913
geoTargetConstants/1023691,6,0,0.042286,0.0
geoTargetConstants/1023706,1130,28,13.885227,0.0
geoTargetConstants/1023709,1,0,0.0,0.0
geoTargetConstants/1023726,231,11,2.969019,0.0
geoTargetConstants/1023730,114,15,20.188433,4.0
geoTargetConstants/1023731,1229,11,17.913372,3.9998810000000002
geoTargetConstants/1023732,6255,33,61.027068,3.999236
geoTargetConstants/1023738,166,4,2.773135,0.0
geoTargetConstants/1023744,3,0,0.0,0.0
geoTargetConstants/1023765,1,0,0.0,0.0
geoTargetConstants/1023787,1220,24,32.096341,4.0
geoTargetConstants/1023800,3409,148,131.083161,9.0
geoTargetConstants/1023801,1,0,0.0,0.0
geoTargetConstants/1023817,1,0,0.0,0.0
geoTargetConstants/1023818,2,1,0.13,0.0
geoTargetConstants/1023819,13195,385,349.800518,32.999849
geoTargetConstants/1023847,12,8,0.7,0.0
geoTargetConstants/1023866,533,12,3.408684,0.0
geoTargetConstants/1023877,4,2,0.34,0.0
geoTargetConstants/1023895,15,0,0.04208,0.0
geoTargetConstants/1023918,123,7,7.207815,0.0
geoTargetConstants/1023923,110,1,0.652479,0.0
geoTargetConstants/1023933,2783,11,21.424373,1.0
geoTargetConstants/1023939,31,6,0.11,0.0
geoTargetConstants/1023941,1,0,0.0,0.0
geoTargetConstants/1023946,4795,79,52.368362,2.0
geoTargetConstants/1023956,11138,36,80.522922,2.0
geoTargetConstants/1023972,6,0,0.034463,0.0
geoTargetConstants/1024022,2314,78,67.059757,3.0
geoTargetConstants/1024027,97,4,1.8216320000000001,0.0
geoTargetConstants/1024043,130,7,0.7803019999999999,0.0
geoTargetConstants/1024086,8171,135,86.472132,9.0
geoTargetConstants/1024610,3897,0,20.74651,0.0
geoTargetConstants/1024611,2,0,0.0,0.0
geoTargetConstants/1024614,2,0,0.012309,0.0
geoTargetConstants/1024616,696,0,3.779417,0.0
geoTargetConstants/1024619,2093,20,20.766041,3.0
geoTargetConstants/1024620,2,0,0.010664,0.0
geoTargetConstants/1024622,15136,575,507.933522,60.786198
geoTargetConstants/1024624,20,2,1.051203,1.0
geoTargetConstants/1024626,2832,2,15.380198,0.0
geoTargetConstants/1024627,1371,119,59.372209999999995,11.0
geoTargetConstants/1024630,2173,1,11.597176,0.0
geoTargetConstants/1024639,778,17,13.744596,2.0
geoTargetConstants/1024640,1417,1,7.494517,0.0
geoTargetConstants/1024646,1783,12,16.184227,2.0
geoTargetConstants/1024647,634,8,16.519179,2.0
geoTargetConstants/1024650,1825,100,83.00812,4.0
geoTargetConstants/1024651,12,0,0.073841,0.0
geoTargetConstants/1024652,28,5,2.918872,0.0
geoTargetConstants/1024655,482,40,29.265527,0.0
geoTargetConstants/1024663,1682,0,9.34115,0.0
geoTargetConstants/1024664,50,2,3.860166,0.0
geoTargetConstants/1024666,3549,92,67.027557,8.388284
geoTargetConstants/1024668,10,7,2.0300000000000002,0.0
geoTargetConstants/1024672,2236,161,129.118866,17.0
geoTargetConstants/1024675,5,0,0.00469,0.0
geoTargetConstants/1024676,51,0,0.310364,0.0
geoTargetConstants/1024677,3020,0,16.275867,0.0
geoTargetConstants/1024678,16,1,0.7394989999999999,0.0
geoTargetConstants/1024680,1458,0,8.006545,0.0
geoTargetConstants/1024681,794,64,32.298968,6.0
geoTargetConstants/1024691,2011,63,53.261176,4.0
geoTargetConstants/1024694,261,22,17.203182,2.0
geoTargetConstants/1024695,793,46,65.436601,3.6875799999999996
geoTargetConstants/1024698,1419,95,98.021984,7.0
geoTargetConstants/1024699,2823,0,15.557438,0.0
geoTargetConstants/1024701,10483,0,55.846265,0.0
geoTargetConstants/1024702,1794,0,9.473691,0.0
geoTargetConstants/1024704,8,0,0.0,0.0
geoTargetConstants/1024706,1061,43,44.262950000000004,3.0
geoTargetConstants/1024711,53,0,0.217168,0.0
geoTargetConstants/1024712,1040,4,8.005903,0.0
geoTargetConstants/1024714,4,0,0.0,0.0
geoTargetConstants/1024716,1,0,0.005849,0.0
geoTargetConstants/1024717,13370,8,75.57487,2.0
geoTargetConstants/1024719,2887,74,83.709999,35.0
geoTargetConstants/1024720,495,20,23.880091,4.0
geoTargetConstants/1024726,43,0,0.229506,0.0
geoTargetConstants/1024727,960,0,5.193734,0.0
geoTargetConstants/1024728,2444,0,13.600534999999999,0.0
geoTargetConstants/1024731,1,0,0.003155,0.0
geoTargetConstants/1024732,211,0,1.045821,0.0
geoTargetConstants/1024733,369,0,2.111982,0.0
geoTargetConstants/1024734,2205,0,12.026728,0.0
geoTargetConstants/1024735,1090,44,19.777503,1.0
geoTargetConstants/1024736,14,0,0.063416,0.0
geoTargetConstants/1024737,58,0,0.315376,0.0
geoTargetConstants/1024738,7,0,0.0,0.0
geoTargetConstants/1024739,4,0,0.020470000000000002,0.0
geoTargetConstants/1024741,1186,103,50.933092,9.0
geoTargetConstants/1024743,2622,100,102.539705,38.13672
geoTargetConstants/1024745,74,6,3.8418589999999995,0.0
geoTargetConstants/1024746,11,2,7.390000000000001,0.0
geoTargetConstants/1024749,87,0,0.5280739999999999,0.0
geoTargetConstants/1024753,4615,1,25.096918,0.0
geoTargetConstants/1024755,14,6,2.993555,1.0
geoTargetConstants/1024756,6,0,0.037439,0.0
geoTargetConstants/1024757,905,1,4.901657,0.0
geoTargetConstants/1024760,40,3,0.351157,0.0
geoTargetConstants/1024761,2187,0,11.857245,0.0
geoTargetConstants/1024763,1,0,0.00477,0.0
geoTargetConstants/1024766,1,1,0.62,0.0
geoTargetConstants/1024771,3177,132,80.509277,7.754633
geoTargetConstants/1024776,27,0,0.142923,0.0
geoTargetConstants/1024780,31,10,2.54313,0.0
geoTargetConstants/1024787,2180,53,51.929833,4.0
geoTargetConstants/1024790,767,0,4.1561449999999995,0.0
geoTargetConstants/1024791,239,11,3.77201,2.0
geoTargetConstants/1024793,1822,0,10.054492999999999,0.0
geoTargetConstants/1024794,1573,72,54.284374,12.0
geoTargetConstants/1024795,693,0,3.849161,0.0
geoTargetConstants/1024796,740,0,4.0575969999999995,0.0
geoTargetConstants/1024798,3542,1,19.123730000000002,0.0
geoTargetConstants/1024800,22,0,0.057124,0.0
geoTargetConstants/1024803,1883,0,10.159051,0.0
geoTargetConstants/1024804,2020,0,11.130502,0.0
geoTargetConstants/1024806,560,0,3.109533,0.0
geoTargetConstants/1024808,4643,329,247.420571,15.0
geoTargetConstants/1024811,2583,0,14.293738,0.0
geoTargetConstants/1024812,2541,194,154.775285,6.0
geoTargetConstants/1024813,41,0,0.196516,0.0
geoTargetConstants/1024817,481,16,12.852557000000001,1.0
geoTargetConstants/1024819,1753,2,12.482448,0.0
geoTargetConstants/1024822,1,0,0.005206,0.0
geoTargetConstants/1024823,1506,141,128.032569,11.694142
geoTargetConstants/1024825,16,2,0.4,0.0
geoTargetConstants/1024827,1540,61,34.02136,3.0
geoTargetConstants/1024828,6090,9,35.942653,1.0
geoTargetConstants/1024829,112,0,0.6159830000000001,0.0
geoTargetConstants/1024833,2,0,0.0,0.0
geoTargetConstants/1024834,13,0,0.070673,0.0
geoTargetConstants/1024836,1,0,0.005675,0.0
geoTargetConstants/1024839,3528,13,28.804264,10.0
geoTargetConstants/1024840,11700,1,65.915527,0.0
geoTargetConstants/1024842,39,0,0.213145,0.0
geoTargetConstants/1024845,282,7,3.169363,1.0
geoTargetConstants/1024847,2850,0,15.653034,0.0
geoTargetConstants/1024850,355,0,1.965862,0.0
geoTargetConstants/1024856,1353,0,7.353266,0.0
geoTargetConstants/1024858,417,36,38.219791,2.0
geoTargetConstants/1024860,314,0,1.735913,0.0
geoTargetConstants/1024862,2175,0,11.446754,0.0
geoTargetConstants/1024863,2968,0,16.313974,0.0
geoTargetConstants/1024867,164,0,0.885441,0.0
geoTargetConstants/1024870,132,0,0.732827,0.0
geoTargetConstants/1024873,27,0,0.13431099999999999,0.0
geoTargetConstants/1024875,804,4,3.892783,0.0
geoTargetConstants/1024877,338,39,18.730183,4.0
geoTargetConstants/1024878,265,22,24.560451,1.0
geoTargetConstants/1024880,855,0,4.643121,0.0
geoTargetConstants/1024883,77,0,0.386703,0.0
geoTargetConstants/1024884,96,0,0.503636,0.0
geoTargetConstants/1024885,280,14,6.859025,2.0
geoTargetConstants/1024888,5006,214,134.84694100000002,14.388284
geoTargetConstants/1024889,5,0,0.034759,0.0
geoTargetConstants/1024892,628,0,3.349377,0.0
geoTargetConstants/1024893,778,18,11.711995,0.0
geoTargetConstants/1024894,1668,0,9.191234,0.0
geoTargetConstants/1024897,55,0,0.299735,0.0
geoTargetConstants/1024898,2350,0,12.345151,0.0
geoTargetConstants/1024899,732,36,25.023858,1.0
geoTargetConstants/1024903,3,0,0.016825,0.0
geoTargetConstants/1024906,1052,0,5.629786,0.0
geoTargetConstants/1024910,9913,622,393.406764,36.0
geoTargetConstants/1024915,3,0,0.00595,0.0
geoTargetConstants/1024917,1642,0,8.903493,0.0
geoTargetConstants/1024920,429,0,2.353724,0.0
geoTargetConstants/1024922,70906,177,529.967587,20.835541
geoTargetConstants/1024925,376,18,14.814732,4.0
geoTargetConstants/1024926,3251,0,17.99677,0.0
geoTargetConstants/1024927,3482,2,18.93212,0.0
geoTargetConstants/1024929,6001,1,33.064474,0.0
geoTargetConstants/1024934,12,0,0.033001,0.0
geoTargetConstants/1024937,7202,29,46.264489,5.0
geoTargetConstants/1024938,49,10,3.3000000000000003,0.0
geoTargetConstants/1024939,1459,1,8.135216999999999,0.0
geoTargetConstants/1024940,2495,184,119.835711,9.0
geoTargetConstants/1024941,199,23,19.300079,0.0
geoTargetConstants/1024943,901,44,41.731846000000004,2.0
geoTargetConstants/1024948,4240,0,22.840203,0.0
geoTargetConstants/1024950,726,32,22.827136,0.0
geoTargetConstants/1024951,189,14,6.3902730000000005,2.0
geoTargetConstants/1024952,5630,13,62.391568,1.0
geoTargetConstants/1024953,334,22,27.104379,4.0
geoTargetConstants/1024958,1213,82,50.23632,2.0
geoTargetConstants/1024959,6290,446,374.196369,44.179585
geoTargetConstants/1024961,242,7,2.329922,0.0
geoTargetConstants/1024962,194,0,1.048745,0.0
geoTargetConstants/1024964,2146,16,23.439039,3.543631
geoTargetConstants/1024967,3625,1,20.129289,0.0
geoTargetConstants/1024968,2745,119,97.733657,8.0
geoTargetConstants/1024970,2420,0,12.782035,0.0
geoTargetConstants/1024973,2164,59,57.398573999999996,2.0
geoTargetConstants/1024976,14992,668,562.08582,49.153166999999996
geoTargetConstants/1024978,1606,0,8.659387,0.0
geoTargetConstants/1024983,20,0,0.119681,0.0
geoTargetConstants/1024985,4,0,0.028104,0.0
geoTargetConstants/1024987,9,0,0.037158,0.0
geoTargetConstants/1024988,215,0,1.12616,0.0
geoTargetConstants/1024993,5,0,0.033989,0.0
geoTargetConstants/1024996,1016,0,5.615265,0.0
geoTargetConstants/1025001,72000,84,487.00756,13.999907
geoTargetConstants/1025004,4689,0,25.470366000000002,0.0
geoTargetConstants/1025005,10210,0,56.490843,0.0
geoTargetConstants/1025009,3971,196,166.123642,8.0
geoTargetConstants/1025011,15639,5,83.568346,0.0
geoTargetConstants/1025012,1703,98,93.296762,6.0
geoTargetConstants/1025018,6,1,0.06,0.0
geoTargetConstants/1025023,2428,0,12.936549,0.0
geoTargetConstants/1025025,1005,2,5.505877,0.0
geoTargetConstants/1025026,1604,57,24.991213,3.0
geoTargetConstants/1025028,1072,57,31.335250000000002,5.0
geoTargetConstants/1025030,238,0,1.21128,0.0
geoTargetConstants/1025032,7475,6,43.162553,0.0
geoTargetConstants/1025034,3345,132,142.65010700000002,19.0
geoTargetConstants/1025035,111,8,5.56212,0.0
geoTargetConstants/1025045,4025,0,22.057326,0.0
geoTargetConstants/1025047,1899,0,10.074359,0.0
geoTargetConstants/1025048,3630,0,20.190891999999998,0.0
geoTargetConstants/1025054,1366,0,7.541526,0.0
geoTargetConstants/1025056,881,49,40.079745,2.0
geoTargetConstants/1025057,1196,1,6.511162,0.0
geoTargetConstants/1025061,1755,104,48.891788,3.0
geoTargetConstants/1025063,4592,48,74.308408,10.0
geoTargetConstants/1025064,6891,184,175.01802700000002,15.999682
geoTargetConstants/1025069,26795,117,192.488768,10.544248
geoTargetConstants/1025070,6460,0,35.129995,0.0
geoTargetConstants/1025074,364,0,2.0269019999999998,0.0
geoTargetConstants/1025079,8578,16,64.912905,4.999555
geoTargetConstants/1025080,49,0,0.208013,0.0
geoTargetConstants/1025082,7,3,2.926002,0.0
geoTargetConstants/1025087,1634,52,59.469353,5.0
geoTargetConstants/1025088,496,0,2.68377,0.0
geoTargetConstants/1025089,3228,3,22.066273,6.0
geoTargetConstants/1025093,2770,81,69.463064,6.0
geoTargetConstants/1025096,2016,39,25.953919,3.0
geoTargetConstants/1025098,4,1,0.01,0.0
geoTargetConstants/1025100,6081,111,70.456575,11.287156
geoTargetConstants/1025102,386,6,3.94859,1.0
geoTargetConstants/1025103,2422,1,13.429639,0.0
geoTargetConstants/1025104,1827,90,62.174774,8.0
geoTargetConstants/1025113,880,0,4.667546,0.0
geoTargetConstants/1025114,4538,1,24.963570999999998,0.0
geoTargetConstants/1025115,1740,49,35.446457,2.0
geoTargetConstants/1025120,1646,0,9.153834999999999,0.0
geoTargetConstants/1025121,1541,33,38.707441,5.0
geoTargetConstants/1025122,3592,273,146.594198,10.0
geoTargetConstants/1025123,28,0,0.153774,0.0
geoTargetConstants/1025125,136,20,16.711488,2.0
geoTargetConstants/1025126,680,0,3.7509099999999997,0.0
geoTargetConstants/1025127,2419,126,83.423506,14.493672
geoTargetConstants/1025133,756,0,4.117416,0.0
geoTargetConstants/1025134,1577,10,24.652152,5.0
geoTargetConstants/1025135,10574,344,259.818407,24.0
geoTargetConstants/1025136,5343,9,40.181959,0.0
geoTargetConstants/1025137,72,6,8.223339,0.0
geoTargetConstants/1025139,2040,1,11.224242,0.0
geoTargetConstants/1025140,1680,0,9.265712,0.0
geoTargetConstants/1025141,2,0,0.003472,0.0
geoTargetConstants/1025142,23,0,0.00701,0.0
geoTargetConstants/1025146,489,5,5.151899,0.0
geoTargetConstants/1025147,60,0,0.295782,0.0
geoTargetConstants/1025148,101,0,0.5365449999999999,0.0
geoTargetConstants/1025149,3873,0,21.268602,0.0
geoTargetConstants/1025150,2220,0,11.962139,0.0
geoTargetConstants/1025153,4425,1,23.641181,0.0
geoTargetConstants/1025155,5471,73,82.36314899999999,4.0
geoTargetConstants/1025156,4502,0,24.779999,0.0
geoTargetConstants/1025158,1369,98,90.058426,13.0
geoTargetConstants/1025159,53,0,0.182175,0.0
geoTargetConstants/1025164,655,50,15.17929,2.0
geoTargetConstants/1025165,163,0,0.971012,0.0
geoTargetConstants/1025172,1010,0,5.637722,0.0
geoTargetConstants/1025176,73,8,4.3661,0.0
geoTargetConstants/1025180,4567,7,30.63143,1.0
geoTargetConstants/1025181,706,0,4.0127,0.0
geoTargetConstants/1025182,556,0,3.035689,0.0
geoTargetConstants/1025185,857,44,50.886884,6.0
geoTargetConstants/1025191,10,0,0.0,0.0
geoTargetConstants/1025194,4426,1,24.292282,0.0
geoTargetConstants/1025197,361867,48,1835.829017,0.0
geoTargetConstants/1025198,4,1,0.279707,0.0
geoTargetConstants/1025199,6624,0,36.150991,0.0
geoTargetConstants/1025201,564,0,3.18807,0.0
geoTargetConstants/1025202,106018,2433,2317.669069,208.738134
geoTargetConstants/1025205,16,0,0.10023599999999999,0.0
geoTargetConstants/1025207,3232,0,17.331389,0.0
geoTargetConstants/1025212,5,0,0.0,0.0
geoTargetConstants/1025214,880,0,4.8220979999999996,0.0
geoTargetConstants/1025217,2366,135,132.377994,12.0
geoTargetConstants/1025218,4220,0,22.762548,0.0
geoTargetConstants/1025219,1652,0,8.981487,0.0
geoTargetConstants/1025226,266,0,1.427138,0.0
geoTargetConstants/1025227,81,0,0.39053699999999997,0.0
geoTargetConstants/1025229,65,6,5.180608,0.0
geoTargetConstants/1025230,521,0,2.915613,0.0
geoTargetConstants/1025231,21,0,0.126475,0.0
geoTargetConstants/1025234,23,6,2.278153,1.0
geoTargetConstants/1025235,2578,0,13.721951,0.0
geoTargetConstants/1025239,744,20,12.965793000000001,0.0
geoTargetConstants/1025241,33,5,1.5013520000000002,0.0
geoTargetConstants/1025242,1082,11,8.418997,0.0
geoTargetConstants/1025247,4655,0,25.678281,0.0
geoTargetConstants/1025248,53,8,1.555199,1.0
geoTargetConstants/1025253,1346,80,77.40947,7.0
geoTargetConstants/1025255,686,53,50.878388,5.0
geoTargetConstants/1025260,3267,0,18.409757,0.0
geoTargetConstants/1025263,7,1,1.875781,0.0
geoTargetConstants/1025265,1,0,0.0,0.0
geoTargetConstants/1025266,1997,0,10.72316,0.0
geoTargetConstants/1025284,58,1,0.410532,0.0
geoTargetConstants/1025285,31,0,0.159565,0.0
geoTargetConstants/1025291,1,0,0.0,0.0
geoTargetConstants/1025294,2573,100,77.943952,8.0
geoTargetConstants/1025298,2260,0,12.496046999999999,0.0
geoTargetConstants/1025302,35,6,6.889391999999999,1.0
geoTargetConstants/1025303,1867,0,10.061601,0.0
geoTargetConstants/1025304,1,0,0.002729,0.0
geoTargetConstants/1025307,481,55,11.226163,4.0
geoTargetConstants/1025308,161,0,0.861092,0.0
geoTargetConstants/1025311,3385,253,168.704405,11.0
geoTargetConstants/1025313,11,3,1.06668,0.0
geoTargetConstants/1025314,11563,382,355.048551,41.0
geoTargetConstants/1025318,1154,0,6.496157,0.0
geoTargetConstants/1025325,1137,0,6.108906,0.0
geoTargetConstants/1025327,4,0,0.022732000000000002,0.0
geoTargetConstants/1025329,1597,95,48.639586,5.0
geoTargetConstants/1025330,5239,0,28.725801,0.0
geoTargetConstants/1025333,296,0,1.635713,0.0
geoTargetConstants/1025336,67,0,0.32572999999999996,0.0
geoTargetConstants/1025342,718,26,15.64315,1.0
geoTargetConstants/1025346,1,1,0.232142,1.0
geoTargetConstants/1025349,1267,9,15.248051,1.0
geoTargetConstants/1025350,542,41,36.722216,2.0
geoTargetConstants/1025356,16620,2,87.33628399999999,0.0
geoTargetConstants/1025358,550,25,8.050984,1.0
geoTargetConstants/1025361,2024,140,102.303304,9.0
geoTargetConstants/1025363,385,3,3.154439,0.0
geoTargetConstants/1025365,2708,33,37.295243,1.0
geoTargetConstants/1025374,3955,0,21.312714,0.0
geoTargetConstants/1025376,174,12,17.326898,1.0
geoTargetConstants/1025379,2,0,0.0,0.0
geoTargetConstants/1025380,466,0,2.577759,0.0
geoTargetConstants/1025383,157,2,3.326267,0.0
geoTargetConstants/1025392,13126,0,71.138817,0.0
geoTargetConstants/1025393,52,3,3.588726,0.0
geoTargetConstants/1025396,5253,192,131.154996,5.0
geoTargetConstants/1025397,826,15,12.481059,2.0
geoTargetConstants/1025398,2,0,0.006435,0.0
geoTargetConstants/1025399,14,1,1.14,0.0
geoTargetConstants/1025403,1868,105,94.64312,70.155273
geoTargetConstants/1025404,694,32,22.666602,0.0
geoTargetConstants/1025408,8887,211,161.192682,16.0
geoTargetConstants/1025410,998,0,5.316878,0.0
geoTargetConstants/1025412,1190,3,8.574486,0.0
geoTargetConstants/1025419,1905,0,10.473884,0.0
geoTargetConstants/1025422,903,0,4.755485,0.0
geoTargetConstants/1025426,2758,2,15.428628,0.0
geoTargetConstants/1025427,1660,0,9.132503,0.0
geoTargetConstants/1025428,51,0,0.29085700000000003,0.0
geoTargetConstants/1025431,740,58,42.262541,2.0
geoTargetConstants/1025433,194,10,2.016271,0.0
geoTargetConstants/1026825,2,0,0.005682,0.0
geoTargetConstants/9051501,8130,2,42.975827,0.0
geoTargetConstants/9051527,3977,0,21.257924,0.0
geoTargetConstants/9051543,949,42,13.428291,3.0
geoTargetConstants/9051565,1190,3,8.115475,0.0
geoTargetConstants/9051580,1755,19,14.17794,0.441774
geoTargetConstants/9051597,12673,61,118.363909,16.0
geoTargetConstants/9051598,2,0,0.003391,0.0
geoTargetConstants/9051608,489,5,2.517036,0.0
geoTargetConstants/9051622,2056,0,11.340464,0.0
geoTargetConstants/9051636,3536,67,41.166343,1.5
geoTargetConstants/9051649,701,0,4.011598,0.0
geoTargetConstants/9051705,337,12,4.71222,0.0
geoTargetConstants/9051723,6095,0,32.816052,0.0
geoTargetConstants/9051728,1,1,0.269999,1.0
geoTargetConstants/9051733,6736,0,36.903607,0.0
geoTargetConstants/9051754,11,0,0.043524999999999994,0.0
geoTargetConstants/9051784,5453,125,88.426964,14.068595
geoTargetConstants/9051816,19,0,0.103875,0.0
geoTargetConstants/9051818,783,89,32.879189,4.0
geoTargetConstants/9051827,1,0,0.006933,0.0
geoTargetConstants/9051846,21,0,0.105496,0.0
geoTargetConstants/9051857,53,0,0.291468,0.0
geoTargetConstants/9051876,11881,2,62.020739999999996,0.0
geoTargetConstants/9051888,399,23,11.771294000000001,1.0
geoTargetConstants/9051890,217,0,1.139149,0.0
geoTargetConstants/9051914,258,5,1.562428,0.0
geoTargetConstants/9051918,137,0,0.7500640000000001,0.0
geoTargetConstants/9051946,2,0,0.0,0.0
geoTargetConstants/9051963,401,62,17.560133,4.79289
geoTargetConstants/9051964,11,3,0.048836,0.0
geoTargetConstants/9051972,189,0,0.954853,0.0
geoTargetConstants/9051975,3448,0,17.110834,0.0
geoTargetConstants/9051982,208,20,20.026558,1.0
geoTargetConstants/9051988,580,35,46.683842,2.0
geoTargetConstants/9051995,4,0,0.017236,0.0
geoTargetConstants/9052005,9784,65,81.242335,7.0
geoTargetConstants/9052069,2,0,0.006907,0.0
geoTargetConstants/9052085,1738,0,9.322757,0.0
geoTargetConstants/9052092,4328,218,164.095829,10.0
geoTargetConstants/9052113,645,0,3.5029820000000003,0.0
geoTargetConstants/9052158,1,0,0.004723,0.0
geoTargetConstants/9052181,195,4,4.503667,0.0
geoTargetConstants/9052201,2814,86,30.130418,2.0
geoTargetConstants/9052222,401,0,2.169581,0.0
geoTargetConstants/9052227,376,7,4.832955,0.0
geoTargetConstants/9052243,76,0,0.424914,0.0
geoTargetConstants/9052268,9,0,0.054064,0.0
geoTargetConstants/9052302,3,0,0.0,0.0
geoTargetConstants/9052304,4,0,0.013013,0.0
geoTargetConstants/9052305,273,58,17.415816,2.0
geoTargetConstants/9052308,1489,2,9.61965,1.0
geoTargetConstants/9052320,167,0,1.002078,0.0
geoTargetConstants/9052323,282,46,41.871752,5.0
geoTargetConstants/9052324,48,18,25.707867999999998,3.666305
geoTargetConstants/9052330,1,0,0.0,0.0
geoTargetConstants/9052332,1273,0,7.008056,0.0
geoTargetConstants/9052353,5,0,0.004631,0.0
geoTargetConstants/9052354,6381,257,161.376537,15.999808
geoTargetConstants/9052366,1079,10,14.307795,0.0
geoTargetConstants/9052378,1,0,0.004238,0.0
geoTargetConstants/9052380,235,9,1.478578,0.0
geoTargetConstants/9052386,5271,0,28.718524,0.0
geoTargetConstants/9052407,11,0,0.049937,0.0
geoTargetConstants/9052409,4082,127,89.181932,6.0
geoTargetConstants/9052421,7389,215,186.130168,19.380541
geoTargetConstants/9052468,4933,53,50.654817,12.0
geoTargetConstants/9052473,3406,155,112.343298,8.0
geoTargetConstants/9052481,343,1,1.57993,0.0
geoTargetConstants/9052484,4,0,0.0,0.0
geoTargetConstants/9052489,3,1,1.23,0.0
geoTargetConstants/9052490,681,0,3.541357,0.0
geoTargetConstants/9052494,4265,174,94.629789,6.0
geoTargetConstants/9052506,2274,0,12.315429,0.0
geoTargetConstants/9052508,4185,0,22.914826,0.0
geoTargetConstants/9052511,2895,132,89.734012,7.0
geoTargetConstants/9052525,7,2,0.02,1.0
geoTargetConstants/9052536,10864,260,201.076913,24.500021
geoTargetConstants/9052551,2,0,0.00418,0.0
geoTargetConstants/9052567,1,0,0.0,0.0
geoTargetConstants/9052575,2982,35,40.470812,6.0
geoTargetConstants/9052576,1485,35,13.936458,0.0
geoTargetConstants/9052639,21,4,1.551912,0.0
geoTargetConstants/9052649,20505,93,165.640946,5.99985
geoTargetConstants/9052654,5325,76,74.170794,8.999703
geoTargetConstants/9052655,1615,0,8.581508,0.0
geoTargetConstants/9052656,5796,1,31.692208,0.0
geoTargetConstants/9052663,663,32,18.358714,1.0
geoTargetConstants/9052688,3333,105,49.762873,1.0
geoTargetConstants/9052705,78,5,0.657388,0.0
geoTargetConstants/9052717,1,0,0.002104,0.0
geoTargetConstants/9052732,2282,4,14.651303,0.0
geoTargetConstants/9052740,43,11,5.338776,2.0
geoTargetConstants/9052788,1351,13,12.904209,1.0
geoTargetConstants/9052795,1351,1,7.5489429999999995,0.0
geoTargetConstants/9052799,99,0,0.543401,0.0
geoTargetConstants/9052813,3587,1,19.32287,0.0
geoTargetConstants/9052819,16,0,0.084263,0.0
geoTargetConstants/9052829,21,0,0.12328900000000001,0.0
geoTargetConstants/9052831,3730,26,35.303797,1.0
geoTargetConstants/9052840,16524,59,124.80319,5.0
geoTargetConstants/9052857,472,2,4.560553,1.0
geoTargetConstants/9052879,6089,98,70.606401,7.275962
geoTargetConstants/9052954,2323,59,27.311647999999998,1.0
geoTargetConstants/9052961,2067,1,10.625374,0.0
geoTargetConstants/9052978,4,0,0.0,0.0
geoTargetConstants/9052989,1240,0,6.589429,0.0
geoTargetConstants/9053002,5423,1,29.903737,0.0
geoTargetConstants/9053006,7494,1,40.624086999999996,0.0
geoTargetConstants/9053018,2,0,0.014291,0.0
geoTargetConstants/9053031,3100,31,26.634562,1.0
geoTargetConstants/9053035,975,0,5.313767,0.0
geoTargetConstants/9053037,9,0,0.463745,0.0
geoTargetConstants/9053041,742,0,4.054555,0.0
geoTargetConstants/9053093,9,0,0.039515,0.0
geoTargetConstants/9053109,39,0,0.194678,0.0
geoTargetConstants/9053140,7,2,0.27,0.0
geoTargetConstants/9053152,1930,102,54.152584,6.0
geoTargetConstants/9053153,55,2,0.369711,0.0
geoTargetConstants/9053157,6476,33,72.733081,6.0
geoTargetConstants/9053164,1794,53,53.141226,7.465827
geoTargetConstants/9053181,2168,152,110.423197,19.0
geoTargetConstants/9053191,455,5,7.271333,0.0
geoTargetConstants/9053194,8,0,0.032519,0.0
geoTargetConstants/9053211,2689,10,20.897593,1.0
geoTargetConstants/9053212,3517,24,48.163041,1.99985
geoTargetConstants/9053217,5996,0,32.292604,0.0
geoTargetConstants/9053219,9606,41,92.44131900000001,5.0
geoTargetConstants/9053221,1910,0,10.421377,0.0
geoTargetConstants/9189254,508,13,9.350898,1.0
geoTargetConstants/9189321,88,10,13.981962000000001,11.884156
geoTargetConstants/9189502,1072,0,5.783855,0.0
geoTargetConstants/9189505,282,54,43.622674,5.0
geoTargetConstants/9189626,2,0,0.006846,0.0
geoTargetConstants/9190017,1,1,2.567933,0.0
geoTargetConstants/9190087,4160,36,71.003039,15.0
geoTargetConstants/9190095,7153,28,75.691884,6.0
geoTargetConstants/9190176,10918,1,56.222494,0.0
geoTargetConstants/9190570,3646,34,27.453934,3.0
geoTargetConstants/9190674,382,0,2.1771,0.0
geoTargetConstants/9190784,3240,11,19.793981000000002,0.0
geoTargetConstants/9190906,7521,1,40.691649,0.0
geoTargetConstants/9190916,1253,89,46.876839000000004,4.0
geoTargetConstants/9191006,1,0,0.005857,0.0
geoTargetConstants/9191360,36,1,4.530752,2.0
geoTargetConstants/9191646,1219,0,6.1798269999999995,0.0
geoTargetConstants/9191668,6201,51,74.183751,6.0
geoTargetConstants/9191913,1846,23,12.343850999999999,0.0
geoTargetConstants/9192059,151,0,0.831973,0.0
geoTargetConstants/9192102,1,0,0.004747,0.0
geoTargetConstants/9192106,8340,45,86.72664400000001,5.0
geoTargetConstants/9192119,461,0,2.333752,0.0
geoTargetConstants/9192199,20,0,0.116746,0.0
geoTargetConstants/9192299,29,0,0.134061,0.0
geoTargetConstants/9192462,3138,0,16.737174,0.0
geoTargetConstants/9192522,8,2,4.12,0.0
geoTargetConstants/9192631,6136,15,43.792388,1.999886
geoTargetConstants/9192645,4,0,0.019749,0.0
geoTargetConstants/9192692,639,35,16.993495,3.999618
geoTargetConstants/9192698,1705,66,38.195174,5.0
geoTargetConstants/9192734,238,24,7.676874000000001,1.0
geoTargetConstants/9192861,2,1,0.01,0.0
geoTargetConstants/9193255,5111,96,64.403467,2.0
geoTargetConstants/9193494,19,4,0.058110999999999996,0.0
geoTargetConstants/9193568,5,0,0.029026,0.0
geoTargetConstants/9193593,709,0,3.934012,0.0
geoTargetConstants/9193793,4,2,1.28,0.0
geoTargetConstants/9193848,2124,1,10.657319,0.0
geoTargetConstants/9193905,2174,46,60.096237,4.0
geoTargetConstants/9194373,10114,2,52.086699,0.0
geoTargetConstants/9194447,3455,2,17.806674,0.0
geoTargetConstants/9194458,6089,13,42.550580000000004,1.999761
geoTargetConstants/9194659,3,0,0.012442000000000002,0.0
geoTargetConstants/9195944,2,0,0.009594,0.0
geoTargetConstants/9196312,1925,82,49.875475,2.0
geoTargetConstants/9197757,1,0,0.004064,0.0
geoTargetConstants/9207503,130,10,3.732687,0.0
geoTargetConstants/9208173,2686,8,22.563632,1.0
geoTargetConstants/9209870,849,0,4.660988,0.0
geoTargetConstants/9210347,19,4,1.949872,0.0
geoTargetConstants/9210694,2,0,0.0,0.0
geoTargetConstants/9212801,13931,1,72.129011,0.0
geoTargetConstants/9213592,5,0,0.0,0.0
geoTargetConstants/9213929,46,0,0.255068,0.0
geoTargetConstants/9214121,678,10,6.653915,1.0
geoTargetConstants/9214214,5,0,0.0,0.0
geoTargetConstants/9214222,1,0,0.0,0.0
geoTargetConstants/9214580,2,0,0.0,0.0
geoTargetConstants/9215132,114,28,17.275184,1.0
geoTargetConstants/9216005,2761,0,13.536356999999999,0.0
geoTargetConstants/9216045,62,0,0.359241,0.0
geoTargetConstants/9216340,160,6,6.613521,2.0
geoTargetConstants/9216377,88,22,9.925540999999999,1.0
geoTargetConstants/9217034,3784,14,50.596402,14.0
geoTargetConstants/9217336,1,0,0.0,0.0
geoTargetConstants/9217433,33,5,0.944132,0.0
geoTargetConstants/9218087,1817,0,9.626118,0.0
geoTargetConstants/9219516,420,0,2.0242999999999998,0.0
geoTargetConstants/9220934,61,3,0.979535,0.0
geoTargetConstants/9221177,267,35,32.10589,5.0
geoTargetConstants/9222129,1,0,0.005535,0.0
geoTargetConstants/9222444,212,2,1.447019,0.0
